forecast_id,region,seasonality_index,discount_pct,forecast_accurate
1,B,158.42,0.037,0
2,B,306.08,0.423,1
3,D,474.09,0.446,1
4,D,136.82,0.364,0
5,B,243.39,0.298,0
6,C,296.86,0.401,1
7,C,27.06,0.035,0
8,C,348.88,0.074,1
9,A,110.07,0.338,0
10,B,125.17,0.116,0
11,D,197.82,0.356,0
12,D,456.34,0.134,1
13,C,472.55,0.185,1
14,D,334.0,0.262,1
15,B,234.81,0.051,0
16,D,357.09,0.331,1
17,D,130.13,0.174,0
18,A,119.04,0.137,0
19,A,325.28,0.234,1
20,C,195.3,0.148,0
21,D,360.71,0.244,1
22,C,168.04,0.28,0
23,C,132.44,0.03,0
24,C,475.15,0.136,1
25,C,53.69,0.256,0
26,C,375.19,0.246,1
27,A,407.03,0.132,1
28,C,35.59,0.3,0
29,D,251.01,0.231,0
30,A,32.14,0.106,0
31,C,176.45,0.181,0
32,B,402.22,0.12,1
33,B,220.36,0.316,0
34,A,262.69,0.327,0
35,A,121.72,0.364,0
36,D,232.88,0.332,0
37,D,348.63,0.07,1
38,A,135.61,0.298,0
39,C,304.31,0.173,1
40,A,471.1,0.463,1
41,C,147.91,0.286,0
42,D,332.55,0.153,1
43,D,396.19,0.04,1
44,D,50.73,0.475,0
45,A,114.25,0.449,0
46,D,215.5,0.219,0
47,A,395.43,0.497,1
48,C,246.78,0.165,0
49,C,399.84,0.031,1
50,A,292.28,0.007,1
51,D,88.55,0.119,0
52,D,34.17,0.18,0
53,B,39.49,0.155,0
54,C,264.26,0.188,0
55,A,458.08,0.422,1
56,C,33.0,0.384,0
57,B,81.46,0.381,0
58,A,432.38,0.378,1
59,D,179.49,0.206,0
60,A,11.15,0.43,0
61,B,194.18,0.268,0
62,C,292.86,0.449,1
63,B,139.75,0.269,0
64,D,498.69,0.277,1
65,B,427.65,0.245,1
66,A,402.52,0.319,1
67,D,303.07,0.409,1
68,A,255.4,0.025,0
69,A,454.27,0.151,1
70,B,43.42,0.248,0
71,A,208.63,0.188,0
72,C,340.59,0.5,1
73,B,120.72,0.057,0
74,A,272.91,0.202,0
75,A,491.08,0.022,1
76,A,311.71,0.086,1
77,A,241.04,0.074,0
78,C,478.57,0.489,1
79,A,453.06,0.432,1
80,C,142.57,0.398,0
81,A,225.92,0.113,0
82,C,61.06,0.375,0
83,D,196.78,0.275,0
84,D,57.7,0.427,0
85,A,441.53,0.225,1
86,B,425.39,0.225,1
87,D,355.85,0.441,1
88,B,90.84,0.141,0
89,A,72.58,0.496,0
90,C,103.47,0.464,0
91,B,18.04,0.406,0
92,D,457.2,0.119,1
93,C,293.65,0.488,1
94,D,250.94,0.035,0
95,A,389.95,0.153,1
96,C,190.29,0.045,0
97,C,227.02,0.235,0
98,D,147.83,0.148,0
99,C,293.5,0.154,1
100,C,38.42,0.212,0
101,A,154.96,0.233,0
102,A,435.77,0.366,1
103,D,411.89,0.398,1
104,D,223.99,0.262,0
105,B,419.84,0.299,1
106,A,217.62,0.456,0
107,D,445.96,0.452,1
108,C,73.07,0.321,0
109,C,425.3,0.491,1
110,B,142.97,0.359,0
111,D,478.04,0.348,1
112,D,372.97,0.301,1
113,A,301.45,0.133,1
114,D,434.06,0.133,1
115,C,239.11,0.041,0
116,B,280.12,0.074,1
117,A,231.73,0.456,0
118,D,129.65,0.011,0
119,A,402.41,0.321,1
120,D,458.9,0.316,1
121,C,312.78,0.376,1
122,A,126.34,0.033,0
123,A,430.38,0.169,1
124,B,143.48,0.016,0
125,B,477.47,0.003,1
126,D,253.65,0.1,0
127,D,347.93,0.263,1
128,D,381.47,0.102,1
129,D,304.48,0.245,1
130,B,91.41,0.183,0
131,D,433.29,0.212,1
132,D,239.36,0.115,0
133,B,309.23,0.448,1
134,C,68.24,0.04,0
135,B,312.64,0.3,1
136,B,310.79,0.425,1
137,C,495.71,0.388,1
138,A,61.78,0.213,0
139,B,313.25,0.162,1
140,A,366.56,0.431,1
141,D,233.15,0.333,0
142,A,152.29,0.164,0
143,A,364.37,0.376,1
144,A,118.03,0.424,0
145,A,171.92,0.494,0
146,B,175.82,0.205,0
147,C,483.76,0.276,1
148,D,471.19,0.156,1
149,C,448.15,0.296,1
150,D,272.53,0.438,0
151,D,261.56,0.268,0
152,C,342.55,0.331,1
153,B,237.17,0.052,0
154,A,489.26,0.217,1
155,D,28.72,0.467,0
156,C,251.7,0.462,0
157,A,241.64,0.065,0
158,D,251.85,0.289,0
159,B,160.7,0.084,0
160,C,403.16,0.431,1
161,C,64.08,0.383,0
162,B,499.38,0.398,1
163,B,460.08,0.206,1
164,D,321.43,0.493,1
165,D,99.81,0.013,0
166,D,248.6,0.043,0
167,B,328.93,0.048,1
168,B,98.19,0.022,0
169,C,191.83,0.256,0
170,D,94.92,0.117,0
171,A,259.84,0.445,0
172,B,59.89,0.328,0
173,B,183.36,0.291,0
174,A,147.65,0.204,0
175,A,485.84,0.062,1
176,B,348.53,0.449,1
177,D,29.53,0.279,0
178,B,448.56,0.378,1
179,C,250.41,0.097,0
180,B,148.24,0.376,0
181,A,51.16,0.456,0
182,B,210.23,0.354,0
183,D,400.48,0.322,1
184,C,329.11,0.083,1
185,A,440.66,0.195,1
186,C,451.31,0.122,1
187,D,388.49,0.49,1
188,A,126.02,0.468,0
189,C,51.46,0.22,0
190,D,84.95,0.183,0
191,A,145.78,0.387,0
192,B,47.14,0.153,0
193,D,227.34,0.234,0
194,D,17.25,0.073,0
195,B,92.92,0.057,0
196,C,487.52,0.168,1
197,C,46.06,0.055,0
198,A,174.34,0.085,0
199,A,409.58,0.469,1
200,C,317.29,0.234,1
201,C,193.35,0.334,0
202,D,301.54,0.172,1
203,D,462.58,0.451,1
204,C,370.09,0.395,1
205,A,193.21,0.067,0
206,A,338.06,0.162,1
207,C,360.34,0.499,1
208,C,171.61,0.334,0
209,C,297.9,0.293,1
210,D,81.77,0.335,0
211,B,221.32,0.39,0
212,D,131.92,0.302,0
213,D,279.71,0.262,1
214,D,215.7,0.369,0
215,A,157.1,0.013,0
216,A,133.58,0.433,0
217,A,106.34,0.022,0
218,D,95.72,0.347,0
219,D,160.73,0.472,0
220,D,296.05,0.329,1
221,B,277.23,0.418,1
222,A,179.48,0.163,0
223,D,336.03,0.366,1
224,B,284.0,0.042,1
225,D,240.98,0.088,0
226,C,45.93,0.454,0
227,D,329.59,0.343,1
228,C,214.21,0.365,0
229,C,21.52,0.434,0
230,D,189.69,0.245,0
231,C,28.55,0.375,0
232,B,18.51,0.088,0
233,B,47.61,0.417,0
234,B,273.13,0.361,0
235,B,272.48,0.268,0
236,C,90.81,0.27,0
237,A,135.26,0.126,0
238,B,139.03,0.383,0
239,A,14.96,0.272,0
240,A,262.8,0.05,0
241,A,359.81,0.152,1
242,A,133.84,0.031,0
243,D,120.39,0.405,0
244,A,270.01,0.379,0
245,D,203.92,0.21,0
246,C,143.15,0.372,0
247,A,92.55,0.46,0
248,D,218.46,0.322,0
249,A,473.47,0.098,1
250,B,108.93,0.488,0
251,B,363.78,0.231,1
252,B,21.9,0.38,0
253,D,281.15,0.366,1
254,C,105.63,0.102,0
255,D,177.77,0.039,0
256,B,18.54,0.107,0
257,D,422.15,0.109,1
258,B,188.33,0.404,0
259,C,99.17,0.201,0
260,A,140.49,0.42,0
261,D,427.29,0.399,1
262,B,80.18,0.477,0
263,C,164.92,0.258,0
264,C,282.37,0.308,1
265,C,55.99,0.034,0
266,D,344.83,0.024,1
267,D,157.84,0.226,0
268,A,324.87,0.395,1
269,A,297.5,0.335,1
270,D,321.74,0.157,1
271,C,304.54,0.493,1
272,C,36.31,0.378,0
273,B,67.62,0.139,0
274,B,62.52,0.131,0
275,D,236.83,0.099,0
276,A,30.39,0.474,0
277,A,335.28,0.077,1
278,C,117.55,0.412,0
279,A,55.22,0.338,0
280,A,401.23,0.052,1
281,B,158.96,0.209,0
282,B,306.78,0.466,1
283,C,452.5,0.351,1
284,A,412.35,0.352,1
285,C,325.3,0.01,1
286,D,431.69,0.317,1
287,B,334.99,0.143,1
288,D,167.61,0.356,0
289,B,459.01,0.423,1
290,D,267.87,0.003,0
291,D,229.28,0.233,0
292,C,228.32,0.376,0
293,D,380.54,0.274,1
294,B,245.81,0.366,0
295,B,24.93,0.115,0
296,A,83.56,0.173,0
297,D,53.23,0.359,0
298,C,27.41,0.193,0
299,C,369.0,0.428,1
300,C,82.47,0.343,0
301,C,271.59,0.159,0
302,A,492.95,0.124,1
303,B,409.78,0.029,1
304,C,283.37,0.409,1
305,B,126.47,0.483,0
306,B,360.16,0.11,1
307,C,303.41,0.115,1
308,B,177.88,0.382,0
309,B,236.64,0.498,0
310,D,397.83,0.191,1
311,C,102.45,0.491,0
312,C,56.57,0.34,0
313,A,38.61,0.038,0
314,A,440.45,0.128,1
315,A,367.14,0.481,1
316,C,295.09,0.392,1
317,C,20.51,0.468,0
318,D,347.25,0.419,1
319,D,78.77,0.386,0
320,D,97.09,0.002,0
321,C,372.62,0.106,1
322,A,17.37,0.499,0
323,B,268.0,0.134,0
324,C,34.43,0.006,0
325,B,229.03,0.173,0
326,A,23.77,0.336,0
327,D,316.72,0.374,1
328,C,452.8,0.258,1
329,C,139.29,0.047,0
330,D,60.64,0.266,0
331,C,304.84,0.161,1
332,B,166.3,0.216,0
333,B,47.2,0.002,0
334,A,11.11,0.175,0
335,C,471.67,0.115,1
336,A,480.6,0.485,1
337,A,377.88,0.389,1
338,A,335.59,0.047,1
339,A,80.79,0.17,0
340,A,297.18,0.103,1
341,D,22.87,0.232,0
342,A,237.23,0.252,0
343,A,233.94,0.478,0
344,B,458.23,0.272,1
345,B,253.04,0.391,0
346,C,318.89,0.418,1
347,D,482.27,0.376,1
348,A,308.89,0.24,1
349,C,411.63,0.142,1
350,A,442.66,0.286,1
351,C,453.73,0.185,1
352,B,317.21,0.4,1
353,D,217.78,0.153,0
354,A,238.44,0.097,0
355,C,155.51,0.067,0
356,D,493.81,0.359,1
357,C,412.22,0.446,1
358,B,432.99,0.271,1
359,D,188.11,0.414,0
360,B,170.29,0.007,0
361,D,85.27,0.01,0
362,B,264.38,0.303,0
363,A,403.89,0.015,1
364,A,341.62,0.21,1
365,C,72.51,0.468,0
366,C,85.69,0.415,0
367,C,187.14,0.19,0
368,A,252.27,0.253,0
369,B,343.07,0.331,1
370,B,67.55,0.055,0
371,B,284.53,0.5,1
372,D,55.5,0.444,0
373,B,32.37,0.13,0
374,C,405.99,0.16,1
375,C,13.87,0.154,0
376,A,145.63,0.285,0
377,A,90.94,0.075,0
378,D,120.46,0.405,0
379,A,485.88,0.075,1
380,D,76.83,0.223,0
381,D,402.41,0.334,1
382,A,426.98,0.221,1
383,D,238.66,0.476,0
384,B,324.04,0.493,1
385,B,385.31,0.429,1
386,D,147.71,0.089,0
387,A,378.57,0.404,1
388,C,232.41,0.071,0
389,A,106.49,0.237,0
390,A,433.74,0.08,1
391,B,213.09,0.183,0
392,D,30.87,0.371,0
393,A,363.94,0.154,1
394,A,453.41,0.045,1
395,C,445.72,0.231,1
396,B,423.31,0.029,1
397,D,478.03,0.389,1
398,D,432.38,0.372,1
399,B,256.87,0.441,0
400,B,317.28,0.442,1
401,C,217.15,0.005,0
402,D,401.81,0.022,1
403,A,39.73,0.278,0
404,D,62.9,0.43,0
405,A,368.48,0.12,1
406,A,418.41,0.389,1
407,B,368.2,0.418,1
408,B,139.49,0.039,0
409,C,150.87,0.266,0
410,B,120.28,0.427,0
411,A,92.47,0.141,0
412,A,59.54,0.215,0
413,C,307.31,0.335,1
414,A,241.87,0.257,0
415,B,412.59,0.143,1
416,C,385.33,0.164,1
417,B,68.68,0.008,0
418,C,145.8,0.233,0
419,B,137.49,0.271,0
420,C,262.99,0.287,0
421,D,197.89,0.328,0
422,D,409.76,0.327,1
423,D,86.13,0.48,0
424,A,199.74,0.287,0
425,A,294.72,0.182,1
426,B,138.77,0.067,0
427,C,32.16,0.198,0
428,C,86.72,0.381,0
429,D,109.76,0.128,0
430,D,189.05,0.361,0
431,A,385.05,0.246,1
432,C,20.67,0.208,0
433,C,272.4,0.054,0
434,D,166.58,0.338,0
435,A,446.35,0.379,1
436,D,332.04,0.13,1
437,C,418.81,0.13,1
438,B,154.33,0.447,0
439,D,419.33,0.491,1
440,A,229.86,0.337,0
441,A,229.66,0.186,0
442,C,223.73,0.115,0
443,A,345.72,0.139,1
444,A,179.72,0.056,0
445,B,203.29,0.418,0
446,C,103.98,0.148,0
447,C,233.71,0.432,0
448,D,285.77,0.131,1
449,C,47.58,0.32,0
450,B,152.22,0.06,0
451,D,357.16,0.492,1
452,D,204.08,0.141,0
453,A,348.48,0.354,1
454,A,239.44,0.331,0
455,C,413.68,0.328,1
456,B,152.78,0.319,0
457,A,221.91,0.012,0
458,A,171.7,0.495,0
459,C,330.76,0.367,1
460,B,440.91,0.398,1
461,D,390.58,0.434,1
462,D,35.14,0.135,0
463,B,149.81,0.377,0
464,A,341.99,0.106,1
465,D,436.45,0.404,1
466,C,93.74,0.137,0
467,A,126.5,0.114,0
468,C,339.58,0.366,1
469,B,269.81,0.422,0
470,B,309.68,0.094,1
471,C,358.83,0.476,1
472,A,358.55,0.259,1
473,A,410.15,0.115,1
474,A,232.55,0.477,0
475,D,488.17,0.164,1
476,C,255.23,0.262,0
477,A,187.78,0.256,0
478,D,323.59,0.342,1
479,C,224.91,0.16,0
480,C,293.56,0.494,1
481,B,499.03,0.095,1
482,B,447.09,0.225,1
483,D,63.22,0.468,0
484,C,423.64,0.488,1
485,B,159.27,0.37,0
486,B,106.65,0.315,0
487,D,319.18,0.42,1
488,B,418.6,0.378,1
489,D,162.05,0.269,0
490,A,462.23,0.161,1
491,D,401.47,0.275,1
492,A,374.31,0.385,1
493,B,436.37,0.359,1
494,C,51.41,0.101,0
495,B,40.19,0.456,0
496,B,484.04,0.144,1
497,C,235.1,0.145,0
498,B,378.42,0.107,1
499,C,122.75,0.492,0
500,D,410.25,0.015,1
501,D,84.98,0.104,0
502,C,315.78,0.376,1
503,C,34.02,0.214,0
504,A,234.76,0.359,0
505,B,146.35,0.237,0
506,D,258.32,0.346,0
507,D,152.94,0.351,0
508,C,184.59,0.331,0
509,D,181.79,0.397,0
510,C,32.65,0.251,0
511,A,495.74,0.5,1
512,C,161.06,0.383,0
513,C,153.77,0.066,0
514,B,356.3,0.071,1
515,D,276.88,0.436,1
516,A,410.69,0.266,1
517,D,493.54,0.376,1
518,C,216.22,0.44,0
519,A,129.09,0.053,0
520,A,292.34,0.384,1
521,D,328.35,0.5,1
522,B,150.12,0.213,0
523,C,40.66,0.399,0
524,C,327.01,0.453,1
525,A,233.63,0.21,0
526,B,118.2,0.085,0
527,A,432.98,0.225,1
528,C,133.45,0.043,0
529,A,268.72,0.339,0
530,B,397.5,0.357,1
531,A,133.39,0.247,0
532,D,43.59,0.214,0
533,B,212.0,0.128,0
534,B,381.98,0.228,1
535,D,296.38,0.42,1
536,C,89.69,0.156,0
537,C,483.85,0.19,1
538,D,127.69,0.19,0
539,D,410.62,0.428,1
540,B,388.99,0.337,1
541,D,417.59,0.094,1
542,C,25.1,0.426,0
543,D,376.67,0.105,1
544,C,38.6,0.499,0
545,D,338.5,0.093,1
546,D,105.79,0.32,0
547,A,12.36,0.213,0
548,B,365.57,0.006,1
549,B,74.81,0.099,0
550,D,100.02,0.432,0
551,C,201.42,0.366,0
552,D,372.81,0.425,1
553,A,33.14,0.309,0
554,B,262.03,0.389,0
555,C,164.15,0.22,0
556,A,376.96,0.376,1
557,D,300.19,0.161,1
558,B,243.89,0.35,0
559,C,386.11,0.258,1
560,C,30.98,0.103,0
561,D,292.52,0.128,1
562,B,297.42,0.126,1
563,B,438.64,0.338,1
564,B,121.67,0.338,0
565,A,445.16,0.206,1
566,C,31.41,0.009,0
567,C,270.6,0.212,0
568,A,314.98,0.499,1
569,D,118.76,0.017,0
570,D,468.68,0.247,1
571,C,304.89,0.208,1
572,D,474.41,0.039,1
573,C,385.22,0.325,1
574,D,424.85,0.437,1
575,D,32.56,0.255,0
576,D,262.71,0.227,0
577,B,401.31,0.392,1
578,C,302.86,0.154,1
579,C,58.36,0.374,0
580,D,387.92,0.464,1
581,A,187.77,0.325,0
582,D,364.1,0.329,1
583,B,407.8,0.375,1
584,D,210.59,0.148,0
585,A,343.19,0.485,1
586,B,126.52,0.35,0
587,A,199.58,0.012,0
588,B,114.09,0.454,0
589,D,21.53,0.213,0
590,B,175.77,0.126,0
591,A,31.68,0.312,0
592,D,260.45,0.137,0
593,C,297.61,0.136,1
594,C,327.48,0.019,1
595,D,184.04,0.449,0
596,B,326.55,0.495,1
597,A,356.99,0.249,1
598,B,387.43,0.359,1
599,C,386.24,0.443,1
600,B,448.64,0.32,1
601,B,291.43,0.097,1
602,B,393.27,0.42,1
603,B,289.85,0.139,1
604,B,436.29,0.208,1
605,D,269.98,0.253,0
606,A,103.62,0.137,0
607,C,422.18,0.143,1
608,C,490.08,0.359,1
609,D,251.08,0.073,0
610,D,313.42,0.242,1
611,A,325.09,0.401,1
612,D,62.88,0.157,0
613,B,179.27,0.409,0
614,D,228.33,0.351,0
615,A,17.86,0.299,0
616,B,181.69,0.482,0
617,B,85.03,0.247,0
618,C,271.32,0.237,0
619,A,75.32,0.221,0
620,B,427.72,0.285,1
621,A,438.84,0.42,1
622,A,453.39,0.193,1
623,C,47.05,0.142,0
624,B,67.8,0.373,0
625,C,193.65,0.242,0
626,D,210.84,0.363,0
627,C,412.23,0.463,1
628,C,356.13,0.246,1
629,B,135.73,0.124,0
630,B,346.6,0.408,1
631,C,270.12,0.306,0
632,B,400.75,0.458,1
633,A,318.52,0.365,1
634,C,133.8,0.349,0
635,A,62.95,0.225,0
636,A,235.3,0.248,0
637,C,216.31,0.483,0
638,A,382.88,0.171,1
639,A,453.46,0.329,1
640,C,202.62,0.358,0
641,B,95.62,0.051,0
642,C,329.03,0.31,1
643,D,291.01,0.051,1
644,A,457.43,0.317,1
645,C,90.13,0.203,0
646,C,316.98,0.096,1
647,D,494.87,0.39,1
648,B,37.55,0.268,0
649,D,383.64,0.458,1
650,C,396.39,0.338,1
651,A,422.78,0.095,1
652,C,324.87,0.409,1
653,B,454.45,0.469,1
654,D,129.64,0.252,0
655,A,351.68,0.479,1
656,C,130.62,0.14,0
657,C,384.18,0.191,1
658,A,368.39,0.213,1
659,A,332.45,0.05,1
660,B,121.87,0.371,0
661,B,496.65,0.153,1
662,C,299.19,0.153,1
663,B,90.78,0.364,0
664,D,360.6,0.205,1
665,C,349.27,0.044,1
666,C,195.6,0.467,0
667,B,125.28,0.43,0
668,B,178.77,0.128,0
669,A,96.77,0.229,0
670,D,281.19,0.424,1
671,A,325.8,0.03,1
672,C,270.96,0.375,0
673,C,448.03,0.384,1
674,D,165.6,0.343,0
675,C,80.12,0.016,0
676,A,163.65,0.131,0
677,C,467.09,0.182,1
678,A,115.24,0.407,0
679,A,353.23,0.049,1
680,C,234.08,0.106,0
681,C,179.24,0.369,0
682,A,118.79,0.327,0
683,B,269.35,0.203,0
684,C,35.32,0.157,0
685,B,65.33,0.158,0
686,A,303.24,0.315,1
687,B,340.8,0.012,1
688,C,323.4,0.031,1
689,C,285.07,0.492,1
690,C,57.16,0.381,0
691,A,173.83,0.478,0
692,D,21.69,0.264,0
693,D,108.02,0.403,0
694,B,118.96,0.019,0
695,A,484.32,0.447,1
696,C,241.68,0.339,0
697,D,416.13,0.34,1
698,A,225.63,0.43,0
699,D,435.39,0.458,1
700,B,435.04,0.435,1
701,D,65.4,0.159,0
702,D,405.35,0.141,1
703,D,375.94,0.022,1
704,B,491.56,0.168,1
705,D,315.74,0.099,1
706,B,376.02,0.229,1
707,A,436.03,0.208,1
708,B,492.54,0.41,1
709,B,91.07,0.03,0
710,A,257.22,0.13,0
711,C,334.61,0.171,1
712,B,386.38,0.498,1
713,D,249.68,0.12,0
714,C,446.61,0.462,1
715,C,269.14,0.312,0
716,D,355.4,0.12,1
717,A,393.88,0.17,1
718,A,153.16,0.044,0
719,C,383.77,0.439,1
720,C,76.61,0.032,0
721,A,37.4,0.355,0
722,D,280.75,0.297,1
723,D,244.81,0.016,0
724,B,243.45,0.136,0
725,C,19.9,0.089,0
726,A,196.46,0.438,0
727,A,152.83,0.189,0
728,D,386.24,0.388,1
729,D,356.08,0.289,1
730,C,362.29,0.258,1
731,B,478.12,0.321,1
732,A,352.86,0.431,1
733,A,383.21,0.022,1
734,D,307.59,0.318,1
735,C,367.24,0.307,1
736,C,111.43,0.127,0
737,D,309.42,0.033,1
738,B,483.64,0.201,1
739,A,37.67,0.205,0
740,D,107.84,0.473,0
741,B,495.14,0.47,1
742,B,53.44,0.273,0
743,B,448.07,0.448,1
744,A,498.76,0.427,1
745,B,443.21,0.121,1
746,A,123.38,0.117,0
747,D,98.18,0.059,0
748,A,107.93,0.476,0
749,C,310.64,0.146,1
750,C,113.25,0.167,0
751,A,275.37,0.423,0
752,A,315.25,0.033,1
753,D,257.79,0.017,0
754,D,237.98,0.308,0
755,D,352.76,0.107,1
756,A,396.51,0.197,1
757,C,325.03,0.31,1
758,A,328.79,0.166,1
759,D,301.02,0.177,1
760,C,461.0,0.113,1
761,A,259.95,0.431,0
762,A,330.36,0.097,1
763,A,73.22,0.058,0
764,A,496.68,0.272,1
765,A,109.86,0.271,0
766,A,373.12,0.264,1
767,A,158.32,0.122,0
768,D,70.78,0.033,0
769,C,492.89,0.478,1
770,D,228.17,0.491,0
771,B,117.94,0.094,0
772,A,229.79,0.199,0
773,D,51.96,0.031,0
774,C,148.19,0.277,0
775,C,121.59,0.445,0
776,C,301.55,0.121,1
777,B,126.26,0.413,0
778,D,459.89,0.498,1
779,A,121.94,0.089,0
780,A,286.32,0.096,1
781,A,23.49,0.18,0
782,D,121.68,0.105,0
783,D,304.56,0.428,1
784,D,440.87,0.352,1
785,D,104.94,0.448,0
786,C,200.88,0.075,0
787,D,364.46,0.172,1
788,A,274.18,0.338,0
789,A,418.75,0.255,1
790,D,28.44,0.299,0
791,B,33.44,0.068,0
792,B,32.33,0.04,0
793,D,262.68,0.424,0
794,C,300.69,0.117,1
795,C,45.48,0.099,0
796,B,422.76,0.433,1
797,B,362.94,0.042,1
798,B,446.45,0.369,1
799,A,166.77,0.174,0
800,C,477.68,0.071,1
801,C,233.77,0.329,0
802,C,403.02,0.395,1
803,C,36.45,0.327,0
804,A,320.78,0.205,1
805,B,255.3,0.491,0
806,A,481.36,0.458,1
807,D,493.5,0.35,1
808,B,431.6,0.102,1
809,A,226.92,0.327,0
810,B,195.83,0.327,0
811,B,165.7,0.328,0
812,C,90.33,0.216,0
813,C,186.52,0.067,0
814,A,147.43,0.399,0
815,B,303.8,0.32,1
816,B,155.06,0.187,0
817,C,69.22,0.285,0
818,A,189.61,0.203,0
819,D,472.37,0.348,1
820,C,328.71,0.363,1
821,A,40.56,0.254,0
822,A,412.38,0.268,1
823,C,321.81,0.472,1
824,B,479.81,0.428,1
825,B,199.77,0.13,0
826,C,246.27,0.246,0
827,A,51.07,0.112,0
828,D,271.06,0.494,0
829,A,174.31,0.374,0
830,B,317.91,0.398,1
831,C,224.15,0.053,0
832,C,297.32,0.241,1
833,D,228.85,0.178,0
834,D,203.05,0.073,0
835,D,407.52,0.102,1
836,C,446.44,0.087,1
837,D,413.49,0.119,1
838,D,231.41,0.301,0
839,C,413.39,0.441,1
840,C,494.85,0.375,1
841,A,369.68,0.162,1
842,A,411.94,0.472,1
843,C,208.08,0.326,0
844,A,431.75,0.495,1
845,B,208.76,0.19,0
846,A,55.11,0.463,0
847,C,144.71,0.333,0
848,C,421.78,0.305,1
849,A,226.56,0.214,0
850,A,322.51,0.489,1
851,B,174.08,0.278,0
852,A,287.8,0.049,1
853,C,376.01,0.374,1
854,C,67.74,0.444,0
855,D,284.73,0.213,1
856,D,95.52,0.084,0
857,D,453.46,0.418,1
858,D,330.06,0.079,1
859,D,395.57,0.21,1
860,C,178.03,0.209,0
861,D,78.16,0.142,0
862,D,30.89,0.044,0
863,D,425.72,0.415,1
864,C,204.3,0.14,0
865,A,396.68,0.142,1
866,A,355.74,0.307,1
867,B,18.09,0.392,0
868,D,204.91,0.214,0
869,A,92.32,0.19,0
870,B,266.46,0.396,0
871,A,121.06,0.484,0
872,D,30.1,0.239,0
873,C,341.75,0.471,1
874,C,139.33,0.155,0
875,D,358.0,0.368,1
876,B,57.14,0.068,0
877,D,394.15,0.33,1
878,A,148.56,0.204,0
879,D,27.94,0.124,0
880,A,322.5,0.152,1
881,D,116.02,0.047,0
882,C,59.94,0.052,0
883,B,356.98,0.351,1
884,D,208.35,0.485,0
885,B,334.14,0.112,1
886,D,142.99,0.162,0
887,D,440.97,0.358,1
888,D,297.44,0.338,1
889,C,75.53,0.048,0
890,B,388.3,0.076,1
891,B,443.89,0.024,1
892,D,286.31,0.367,1
893,D,380.42,0.071,1
894,B,319.24,0.064,1
895,C,117.29,0.098,0
896,D,354.51,0.004,1
897,B,183.35,0.029,0
898,B,218.71,0.048,0
899,D,463.2,0.179,1
900,C,16.26,0.063,0
901,C,86.07,0.331,0
902,C,185.56,0.085,0
903,A,380.93,0.156,1
904,B,278.56,0.215,1
905,B,311.67,0.305,1
906,B,489.18,0.413,1
907,A,222.73,0.313,0
908,B,47.63,0.291,0
909,B,77.61,0.455,0
910,A,260.79,0.029,0
911,A,394.17,0.118,1
912,B,286.92,0.265,1
913,D,43.92,0.167,0
914,D,59.23,0.303,0
915,B,282.11,0.024,1
916,A,63.79,0.244,0
917,C,269.77,0.053,0
918,D,261.52,0.278,0
919,A,458.26,0.22,1
920,C,212.11,0.483,0
921,D,240.8,0.261,0
922,D,17.98,0.324,0
923,C,22.12,0.237,0
924,A,137.23,0.47,0
925,C,471.22,0.064,1
926,B,211.14,0.147,0
927,C,222.04,0.312,0
928,C,198.45,0.079,0
929,A,15.07,0.419,0
930,B,199.96,0.415,0
931,A,399.55,0.423,1
932,B,110.22,0.21,0
933,C,12.33,0.465,0
934,B,427.44,0.255,1
935,C,153.15,0.351,0
936,A,417.49,0.443,1
937,C,370.99,0.397,1
938,C,284.94,0.078,1
939,D,446.39,0.484,1
940,B,429.14,0.16,1
941,A,367.38,0.21,1
942,B,235.44,0.499,0
943,A,255.04,0.204,0
944,C,129.85,0.29,0
945,A,226.32,0.397,0
946,B,23.12,0.317,0
947,D,461.92,0.055,1
948,C,48.52,0.45,0
949,C,460.73,0.256,1
950,B,126.89,0.183,0
951,A,74.88,0.179,0
952,D,85.22,0.09,0
953,A,321.97,0.296,1
954,C,444.66,0.4,1
955,D,280.92,0.166,1
956,A,95.53,0.463,0
957,C,256.06,0.253,0
958,C,415.09,0.334,1
959,D,474.56,0.312,1
960,B,305.72,0.362,1
961,C,198.23,0.061,0
962,A,472.54,0.351,1
963,C,376.59,0.461,1
964,B,103.95,0.177,0
965,A,267.03,0.416,0
966,B,307.42,0.283,1
967,C,54.8,0.001,0
968,A,443.44,0.072,1
969,C,92.37,0.403,0
970,D,306.87,0.231,1
971,C,223.04,0.49,0
972,D,215.67,0.326,0
973,A,176.24,0.038,0
974,C,326.92,0.494,1
975,B,492.37,0.192,1
976,C,275.58,0.337,1
977,A,447.7,0.48,1
978,C,87.75,0.289,0
979,B,387.74,0.433,1
980,B,87.97,0.383,0
981,D,327.77,0.292,1
982,C,326.41,0.021,1
983,A,110.65,0.165,0
984,C,16.03,0.134,0
985,A,448.29,0.271,1
986,B,88.93,0.235,0
987,D,214.45,0.237,0
988,B,17.63,0.289,0
989,A,44.23,0.472,0
990,B,208.63,0.491,0
991,B,112.75,0.22,0
992,C,168.46,0.205,0
993,C,480.28,0.119,1
994,D,275.51,0.223,0
995,D,236.48,0.321,0
996,A,490.64,0.489,1
997,A,79.05,0.4,0
998,D,57.44,0.12,0
999,D,14.47,0.327,0
1000,B,371.62,0.152,1
1001,B,89.07,0.162,0
1002,B,163.47,0.42,0
1003,D,64.72,0.455,0
1004,D,348.07,0.152,1
1005,A,88.87,0.19,0
1006,A,50.42,0.121,0
1007,D,212.59,0.348,0
1008,C,346.03,0.331,1
1009,B,175.23,0.101,0
1010,A,180.42,0.021,0
1011,B,279.84,0.451,1
1012,C,267.35,0.356,0
1013,D,419.67,0.09,1
1014,C,108.3,0.379,0
1015,C,153.48,0.469,0
1016,A,11.01,0.288,0
1017,C,418.46,0.034,1
1018,D,166.71,0.177,0
1019,A,209.38,0.209,0
1020,A,64.36,0.334,0
1021,A,350.55,0.462,1
1022,B,88.9,0.433,0
1023,C,390.48,0.281,1
1024,D,287.62,0.282,1
1025,D,26.45,0.101,0
1026,A,229.4,0.284,0
1027,C,149.25,0.237,0
1028,D,107.7,0.106,0
1029,A,395.03,0.26,1
1030,C,384.37,0.351,1
1031,D,316.65,0.153,1
1032,C,317.17,0.437,1
1033,B,97.87,0.404,0
1034,D,184.31,0.249,0
1035,A,162.02,0.192,0
1036,B,476.38,0.008,1
1037,B,354.75,0.279,1
1038,B,425.82,0.448,1
1039,D,441.48,0.317,1
1040,D,370.58,0.41,1
1041,C,209.34,0.031,0
1042,D,415.85,0.241,1
1043,B,141.26,0.463,0
1044,A,240.16,0.309,0
1045,D,94.44,0.364,0
1046,C,351.75,0.123,1
1047,C,193.07,0.332,0
1048,D,363.29,0.263,1
1049,A,10.52,0.142,0
1050,B,279.06,0.36,1
1051,D,322.59,0.091,1
1052,B,46.46,0.261,0
1053,D,397.72,0.469,1
1054,D,410.95,0.481,1
1055,C,132.8,0.244,0
1056,B,280.1,0.306,1
1057,C,307.77,0.06,1
1058,B,105.25,0.325,0
1059,B,129.74,0.155,0
1060,D,56.77,0.353,0
1061,D,38.18,0.172,0
1062,B,211.4,0.353,0
1063,D,194.02,0.001,0
1064,C,200.76,0.137,0
1065,B,91.05,0.035,0
1066,D,457.07,0.299,1
1067,C,322.67,0.192,1
1068,D,399.46,0.26,1
1069,B,137.97,0.291,0
1070,A,405.08,0.081,1
1071,B,26.43,0.122,0
1072,C,488.6,0.319,1
1073,A,63.51,0.262,0
1074,A,191.92,0.15,0
1075,B,142.5,0.39,0
1076,C,196.49,0.031,0
1077,B,161.21,0.002,0
1078,D,489.03,0.039,1
1079,B,96.36,0.313,0
1080,C,112.02,0.059,0
1081,A,458.12,0.415,1
1082,B,330.6,0.307,1
1083,B,186.97,0.295,0
1084,B,442.83,0.472,1
1085,C,175.65,0.239,0
1086,C,79.45,0.153,0
1087,A,229.32,0.001,0
1088,C,333.17,0.331,1
1089,D,80.41,0.292,0
1090,A,415.66,0.493,1
1091,B,263.51,0.001,0
1092,C,51.02,0.166,0
1093,D,91.49,0.24,0
1094,B,31.79,0.112,0
1095,C,121.75,0.026,0
1096,C,294.39,0.368,1
1097,C,32.03,0.498,0
1098,B,102.1,0.293,0
1099,D,297.82,0.051,1
1100,A,321.06,0.003,1
1101,B,401.99,0.295,1
1102,D,198.25,0.13,0
1103,B,452.33,0.05,1
1104,C,69.8,0.139,0
1105,A,99.02,0.363,0
1106,D,379.91,0.15,1
1107,C,434.3,0.428,1
1108,A,206.97,0.251,0
1109,C,334.35,0.303,1
1110,C,77.89,0.3,0
1111,A,400.53,0.417,1
1112,C,162.44,0.287,0
1113,D,484.9,0.474,1
1114,C,154.82,0.028,0
1115,A,478.17,0.278,1
1116,D,67.98,0.063,0
1117,C,392.05,0.029,1
1118,D,275.0,0.278,0
1119,B,169.13,0.456,0
1120,B,413.89,0.263,1
1121,C,46.73,0.234,0
1122,C,213.71,0.455,0
1123,B,450.45,0.342,1
1124,D,410.68,0.335,1
1125,A,435.96,0.374,1
1126,C,192.15,0.272,0
1127,C,163.84,0.057,0
1128,B,166.3,0.372,0
1129,B,419.96,0.367,1
1130,D,426.26,0.025,1
1131,C,354.7,0.081,1
1132,D,480.95,0.485,1
1133,A,132.59,0.091,0
1134,B,300.63,0.009,1
1135,B,140.7,0.409,0
1136,B,100.04,0.388,0
1137,A,402.54,0.229,1
1138,C,239.37,0.022,0
1139,A,489.04,0.414,1
1140,B,342.83,0.396,1
1141,A,239.07,0.414,0
1142,B,64.26,0.198,0
1143,B,187.3,0.496,0
1144,B,76.21,0.459,0
1145,D,31.45,0.052,0
1146,B,187.22,0.378,0
1147,D,312.33,0.085,1
1148,D,338.29,0.153,1
1149,B,54.61,0.381,0
1150,C,77.86,0.404,0
1151,C,256.17,0.068,0
1152,D,271.2,0.294,0
1153,A,68.94,0.296,0
1154,A,350.42,0.343,1
1155,B,342.59,0.316,1
1156,C,364.67,0.268,1
1157,B,468.05,0.376,1
1158,A,290.77,0.156,1
1159,C,387.07,0.346,1
1160,D,280.09,0.064,1
1161,A,75.27,0.389,0
1162,C,230.43,0.163,0
1163,C,402.68,0.107,1
1164,A,268.1,0.311,0
1165,A,265.37,0.162,0
1166,B,468.8,0.445,1
1167,A,168.34,0.413,0
1168,A,67.24,0.165,0
1169,D,16.22,0.058,0
1170,C,57.15,0.421,0
1171,D,79.13,0.078,0
1172,A,260.36,0.282,0
1173,C,496.3,0.44,1
1174,A,440.1,0.085,1
1175,D,48.95,0.157,0
1176,A,199.71,0.113,0
1177,C,70.26,0.274,0
1178,B,80.69,0.09,0
1179,D,84.8,0.185,0
1180,D,222.99,0.029,0
1181,A,286.37,0.432,1
1182,B,383.29,0.477,1
1183,D,440.6,0.214,1
1184,A,44.28,0.275,0
1185,C,373.74,0.152,1
1186,A,338.47,0.17,1
1187,B,205.02,0.338,0
1188,D,466.45,0.437,1
1189,A,106.52,0.383,0
1190,A,430.32,0.14,1
1191,D,172.6,0.405,0
1192,A,230.61,0.409,0
1193,A,487.01,0.405,1
1194,A,443.65,0.268,1
1195,A,95.86,0.397,0
1196,C,363.08,0.327,1
1197,D,401.92,0.315,1
1198,A,268.07,0.387,0
1199,D,441.55,0.387,1
1200,A,107.09,0.241,0
1201,B,350.32,0.172,1
1202,D,150.42,0.208,0
1203,D,192.54,0.351,0
1204,B,395.71,0.044,1
1205,A,94.5,0.47,0
1206,D,33.31,0.208,0
1207,B,486.82,0.391,1
1208,B,23.89,0.393,0
1209,B,80.08,0.477,0
1210,A,353.55,0.332,1
1211,B,230.14,0.459,0
1212,C,162.07,0.242,0
1213,C,450.03,0.441,1
1214,D,61.61,0.453,0
1215,B,68.82,0.244,0
1216,A,188.33,0.334,0
1217,B,176.77,0.431,0
1218,C,302.09,0.457,1
1219,B,411.25,0.437,1
1220,C,393.4,0.064,1
1221,A,342.99,0.427,1
1222,B,115.93,0.146,0
1223,D,453.59,0.281,1
1224,A,396.86,0.42,1
1225,B,392.65,0.36,1
1226,D,127.46,0.467,0
1227,A,491.49,0.468,1
1228,C,457.12,0.181,1
1229,D,124.42,0.312,0
1230,D,261.02,0.318,0
1231,B,234.39,0.029,0
1232,B,175.24,0.4,0
1233,D,458.19,0.137,1
1234,A,383.23,0.075,1
1235,B,217.82,0.116,0
1236,D,130.28,0.401,0
1237,C,111.91,0.323,0
1238,D,302.26,0.448,1
1239,C,391.76,0.126,1
1240,D,356.58,0.464,1
1241,A,126.04,0.148,0
1242,D,59.59,0.035,0
1243,D,122.46,0.1,0
1244,C,209.96,0.136,0
1245,B,481.8,0.134,1
1246,B,68.56,0.15,0
1247,A,50.24,0.452,0
1248,A,488.61,0.317,1
1249,D,296.65,0.39,1
1250,D,279.81,0.231,1
1251,D,490.47,0.235,1
1252,A,87.37,0.307,0
1253,B,314.25,0.16,1
1254,D,115.29,0.369,0
1255,B,359.01,0.444,1
1256,A,12.29,0.148,0
1257,A,385.86,0.191,1
1258,A,285.55,0.123,1
1259,C,460.24,0.425,1
1260,D,143.09,0.062,0
1261,A,221.31,0.0,0
1262,D,180.4,0.364,0
1263,A,77.13,0.488,0
1264,B,499.62,0.427,1
1265,B,481.28,0.295,1
1266,B,132.06,0.335,0
1267,D,69.92,0.379,0
1268,A,159.35,0.484,0
1269,D,293.17,0.402,1
1270,C,364.01,0.324,1
1271,A,211.45,0.198,0
1272,B,368.39,0.093,1
1273,A,135.15,0.249,0
1274,C,491.2,0.387,1
1275,B,221.91,0.34,0
1276,A,126.41,0.44,0
1277,C,53.87,0.465,0
1278,B,436.66,0.116,1
1279,C,121.49,0.333,0
1280,C,203.58,0.407,0
1281,D,287.02,0.406,1
1282,D,396.42,0.414,1
1283,A,446.73,0.224,1
1284,B,115.81,0.052,0
1285,B,378.07,0.08,1
1286,D,269.42,0.097,0
1287,A,30.28,0.437,0
1288,D,217.86,0.47,0
1289,C,470.43,0.286,1
1290,B,129.99,0.223,0
1291,D,110.29,0.138,0
1292,B,225.54,0.08,0
1293,D,118.74,0.215,0
1294,B,428.17,0.003,1
1295,B,373.87,0.4,1
1296,B,361.63,0.151,1
1297,C,93.26,0.193,0
1298,B,239.84,0.333,0
1299,A,406.98,0.445,1
1300,B,338.17,0.279,1
1301,A,400.39,0.057,1
1302,D,276.48,0.243,1
1303,D,86.31,0.136,0
1304,D,152.48,0.371,0
1305,D,474.59,0.017,1
1306,D,57.53,0.117,0
1307,D,449.02,0.118,1
1308,B,465.43,0.423,1
1309,B,297.85,0.445,1
1310,C,42.49,0.414,0
1311,B,236.45,0.229,0
1312,B,134.02,0.213,0
1313,D,49.0,0.205,0
1314,C,495.55,0.157,1
1315,D,278.47,0.415,1
1316,D,26.19,0.442,0
1317,B,290.74,0.145,1
1318,A,405.62,0.221,1
1319,A,212.78,0.191,0
1320,A,266.12,0.085,0
1321,B,392.6,0.211,1
1322,D,86.03,0.175,0
1323,A,101.55,0.392,0
1324,D,279.3,0.034,1
1325,B,330.8,0.271,1
1326,D,328.68,0.336,1
1327,C,76.36,0.386,0
1328,D,478.8,0.065,1
1329,A,456.0,0.282,1
1330,A,455.38,0.197,1
1331,C,234.06,0.163,0
1332,D,353.88,0.473,1
1333,A,490.28,0.079,1
1334,D,406.82,0.366,1
1335,D,74.7,0.424,0
1336,D,192.89,0.351,0
1337,C,26.56,0.275,0
1338,C,180.45,0.053,0
1339,D,54.52,0.194,0
1340,B,401.42,0.361,1
1341,B,448.78,0.111,1
1342,C,141.91,0.357,0
1343,B,138.61,0.164,0
1344,A,202.17,0.279,0
1345,A,369.93,0.008,1
1346,D,11.85,0.285,0
1347,A,415.04,0.02,1
1348,A,274.65,0.05,0
1349,A,231.22,0.438,0
1350,A,149.98,0.234,0
1351,B,487.02,0.371,1
1352,D,172.49,0.143,0
1353,A,88.77,0.055,0
1354,A,185.91,0.469,0
1355,A,487.59,0.169,1
1356,D,12.66,0.427,0
1357,B,98.69,0.015,0
1358,A,117.36,0.22,0
1359,B,116.06,0.25,0
1360,A,352.79,0.466,1
1361,B,418.32,0.286,1
1362,C,106.41,0.166,0
1363,C,350.67,0.075,1
1364,B,149.98,0.126,0
1365,D,155.61,0.447,0
1366,B,446.66,0.142,1
1367,B,475.76,0.348,1
1368,A,382.23,0.003,1
1369,A,461.8,0.496,1
1370,A,404.16,0.094,1
1371,A,115.19,0.48,0
1372,A,99.43,0.366,0
1373,B,387.25,0.21,1
1374,B,276.68,0.498,1
1375,C,43.64,0.207,0
1376,D,400.97,0.029,1
1377,B,404.68,0.114,1
1378,D,41.5,0.319,0
1379,C,200.19,0.387,0
1380,A,120.48,0.108,0
1381,B,405.29,0.088,1
1382,B,115.61,0.447,0
1383,D,294.9,0.401,1
1384,C,341.58,0.276,1
1385,B,186.21,0.155,0
1386,D,350.84,0.255,1
1387,B,149.05,0.164,0
1388,A,232.08,0.289,0
1389,B,484.28,0.393,1
1390,D,371.93,0.026,1
1391,C,166.37,0.193,0
1392,A,21.41,0.067,0
1393,B,133.61,0.498,0
1394,D,33.37,0.18,0
1395,C,380.98,0.171,1
1396,D,44.81,0.257,0
1397,D,254.32,0.491,0
1398,A,14.05,0.464,0
1399,C,167.78,0.163,0
1400,A,210.92,0.282,0
1401,A,188.25,0.228,0
1402,B,458.68,0.134,1
1403,C,109.27,0.297,0
1404,A,259.78,0.098,0
1405,B,457.93,0.191,1
1406,B,243.95,0.444,0
1407,C,406.44,0.353,1
1408,A,340.72,0.426,1
1409,D,20.6,0.47,0
1410,B,336.76,0.468,1
1411,A,341.47,0.431,1
1412,A,341.9,0.035,1
1413,A,419.01,0.208,1
1414,D,124.62,0.245,0
1415,B,380.64,0.218,1
1416,A,461.01,0.297,1
1417,D,113.29,0.263,0
1418,B,59.98,0.001,0
1419,D,124.2,0.174,0
1420,B,446.21,0.306,1
1421,D,292.7,0.236,1
1422,D,292.21,0.475,1
1423,B,300.66,0.086,1
1424,C,176.77,0.358,0
1425,C,281.96,0.2,1
1426,D,50.17,0.222,0
1427,A,244.81,0.182,0
1428,B,89.35,0.365,0
1429,D,279.9,0.251,1
1430,C,383.77,0.307,1
1431,A,366.49,0.166,1
1432,B,264.44,0.024,0
1433,B,36.08,0.399,0
1434,B,488.05,0.273,1
1435,D,138.44,0.103,0
1436,A,102.45,0.047,0
1437,B,257.1,0.382,0
1438,D,405.8,0.228,1
1439,B,308.76,0.271,1
1440,B,146.13,0.209,0
1441,A,219.58,0.33,0
1442,D,447.58,0.094,1
1443,C,113.11,0.449,0
1444,A,125.21,0.449,0
1445,A,246.06,0.245,0
1446,B,332.54,0.116,1
1447,B,416.09,0.295,1
1448,B,436.95,0.255,1
1449,C,369.05,0.207,1
1450,D,101.69,0.048,0
1451,B,67.37,0.154,0
1452,A,31.02,0.388,0
1453,A,445.01,0.022,1
1454,A,57.4,0.096,0
1455,D,77.09,0.292,0
1456,D,68.55,0.466,0
1457,C,428.22,0.491,1
1458,D,192.32,0.166,0
1459,C,400.18,0.259,1
1460,B,469.74,0.336,1
1461,C,25.0,0.472,0
1462,A,81.91,0.151,0
1463,C,178.11,0.354,0
1464,A,499.05,0.372,1
1465,D,213.65,0.419,0
1466,C,206.41,0.125,0
1467,D,338.96,0.19,1
1468,C,398.28,0.26,1
1469,D,268.64,0.1,0
1470,D,385.51,0.129,1
1471,A,174.99,0.377,0
1472,A,305.46,0.193,1
1473,D,35.93,0.438,0
1474,B,354.77,0.118,1
1475,A,246.43,0.227,0
1476,D,171.51,0.005,0
1477,C,69.69,0.0,0
1478,C,115.75,0.254,0
1479,B,33.7,0.302,0
1480,D,35.75,0.163,0
1481,B,429.11,0.11,1
1482,D,19.19,0.017,0
1483,D,275.45,0.374,0
1484,C,176.76,0.04,0
1485,D,267.66,0.49,0
1486,B,84.23,0.278,0
1487,C,171.14,0.076,0
1488,B,98.56,0.034,0
1489,D,287.16,0.142,1
1490,D,445.71,0.091,1
1491,C,454.22,0.09,1
1492,C,58.36,0.121,0
1493,C,464.49,0.365,1
1494,B,42.3,0.386,0
1495,A,484.92,0.045,1
1496,A,119.68,0.216,0
1497,A,88.71,0.398,0
1498,B,167.06,0.255,0
1499,C,80.45,0.071,0
1500,A,429.16,0.207,1
1501,B,417.42,0.476,1
1502,D,371.05,0.273,1
1503,D,416.18,0.479,1
1504,B,472.43,0.093,1
1505,C,95.54,0.254,0
1506,C,22.68,0.225,0
1507,B,158.98,0.265,0
1508,D,341.06,0.154,1
1509,C,220.85,0.449,0
1510,B,153.46,0.006,0
1511,C,35.25,0.489,0
1512,C,353.54,0.302,1
1513,B,282.27,0.124,1
1514,D,404.01,0.183,1
1515,D,256.24,0.211,0
1516,A,131.46,0.159,0
1517,B,146.28,0.402,0
1518,C,81.16,0.211,0
1519,B,351.47,0.107,1
1520,B,299.51,0.427,1
1521,B,385.61,0.156,1
1522,A,94.71,0.079,0
1523,B,332.14,0.297,1
1524,D,143.1,0.469,0
1525,B,487.43,0.392,1
1526,D,483.06,0.093,1
1527,A,210.31,0.186,0
1528,D,431.14,0.378,1
1529,D,294.83,0.382,1
1530,D,33.14,0.268,0
1531,B,146.56,0.166,0
1532,D,273.64,0.422,0
1533,A,360.24,0.282,1
1534,D,24.73,0.13,0
1535,D,282.46,0.336,1
1536,A,236.38,0.459,0
1537,B,11.25,0.033,0
1538,C,95.13,0.036,0
1539,D,441.83,0.065,1
1540,D,387.96,0.343,1
1541,C,186.31,0.158,0
1542,C,40.71,0.005,0
1543,A,59.09,0.098,0
1544,B,392.53,0.027,1
1545,B,26.35,0.211,0
1546,D,493.78,0.358,1
1547,D,26.84,0.256,0
1548,C,482.96,0.224,1
1549,C,180.71,0.191,0
1550,C,132.54,0.058,0
1551,B,184.07,0.387,0
1552,A,351.0,0.007,1
1553,B,39.43,0.415,0
1554,D,222.89,0.184,0
1555,A,450.95,0.167,1
1556,C,73.63,0.497,0
1557,A,30.64,0.152,0
1558,C,304.97,0.357,1
1559,A,52.12,0.331,0
1560,D,405.64,0.271,1
1561,D,297.84,0.325,1
1562,B,484.51,0.208,1
1563,C,293.73,0.241,1
1564,B,168.88,0.108,0
1565,A,300.79,0.041,1
1566,D,469.96,0.384,1
1567,B,389.27,0.268,1
1568,C,51.95,0.487,0
1569,A,312.47,0.165,1
1570,C,199.54,0.224,0
1571,D,225.67,0.011,0
1572,B,226.57,0.078,0
1573,B,313.33,0.284,1
1574,D,398.71,0.002,1
1575,C,21.08,0.298,0
1576,D,115.6,0.241,0
1577,D,381.4,0.359,1
1578,D,50.7,0.143,0
1579,D,109.47,0.324,0
1580,B,212.81,0.144,0
1581,D,152.49,0.026,0
1582,A,176.24,0.198,0
1583,D,133.74,0.352,0
1584,C,447.44,0.043,1
1585,D,181.26,0.312,0
1586,B,218.79,0.173,0
1587,B,291.22,0.314,1
1588,B,57.17,0.004,0
1589,D,37.44,0.323,0
1590,C,489.96,0.062,1
1591,A,453.5,0.162,1
1592,C,424.3,0.084,1
1593,B,95.61,0.449,0
1594,B,32.94,0.376,0
1595,A,135.98,0.136,0
1596,B,440.25,0.31,1
1597,B,425.65,0.221,1
1598,D,177.74,0.168,0
1599,C,445.96,0.22,1
1600,D,228.82,0.095,0
1601,D,491.31,0.333,1
1602,B,206.53,0.315,0
1603,C,372.0,0.326,1
1604,C,186.72,0.045,0
1605,C,415.64,0.082,1
1606,D,446.9,0.14,1
1607,D,62.14,0.272,0
1608,B,126.95,0.174,0
1609,D,33.08,0.178,0
1610,D,51.98,0.333,0
1611,A,219.83,0.279,0
1612,A,83.99,0.466,0
1613,A,408.87,0.279,1
1614,C,295.72,0.011,1
1615,A,135.46,0.445,0
1616,D,383.65,0.435,1
1617,A,106.65,0.453,0
1618,C,416.37,0.21,1
1619,A,389.01,0.35,1
1620,A,445.68,0.102,1
1621,C,188.52,0.115,0
1622,D,100.34,0.056,0
1623,D,338.99,0.376,1
1624,D,162.42,0.194,0
1625,D,491.97,0.303,1
1626,A,330.6,0.049,1
1627,D,114.86,0.036,0
1628,A,472.28,0.344,1
1629,B,336.69,0.444,1
1630,B,115.13,0.021,0
1631,D,447.89,0.468,1
1632,C,171.34,0.403,0
1633,A,239.17,0.061,0
1634,B,287.18,0.2,1
1635,C,160.06,0.388,0
1636,B,491.05,0.095,1
1637,A,75.78,0.07,0
1638,C,276.54,0.181,0
1639,C,412.04,0.122,1
1640,A,285.66,0.307,1
1641,A,316.91,0.301,1
1642,C,267.22,0.065,0
1643,D,393.21,0.328,1
1644,C,65.35,0.172,0
1645,D,189.55,0.066,0
1646,A,110.47,0.356,0
1647,D,21.01,0.423,0
1648,A,181.39,0.1,0
1649,C,236.41,0.234,0
1650,A,404.53,0.175,1
1651,C,235.06,0.224,0
1652,C,279.47,0.368,1
1653,C,18.4,0.152,0
1654,A,466.17,0.39,1
1655,C,193.86,0.353,0
1656,C,145.68,0.492,0
1657,D,203.72,0.288,0
1658,D,362.4,0.423,1
1659,D,293.93,0.048,1
1660,C,371.84,0.235,1
1661,D,230.81,0.293,0
1662,B,94.68,0.114,0
1663,C,232.37,0.297,0
1664,B,78.54,0.098,0
1665,D,460.45,0.463,1
1666,B,477.55,0.275,1
1667,B,245.48,0.318,0
1668,A,160.88,0.188,0
1669,C,456.64,0.335,1
1670,C,318.57,0.41,1
1671,C,405.26,0.261,1
1672,B,39.91,0.326,0
1673,B,472.36,0.214,1
1674,D,167.93,0.227,0
1675,C,372.48,0.06,1
1676,A,354.14,0.298,1
1677,A,361.2,0.163,1
1678,A,208.23,0.387,0
1679,A,322.8,0.118,1
1680,C,445.64,0.266,1
1681,D,94.71,0.204,0
1682,D,277.7,0.161,1
1683,B,161.98,0.408,0
1684,D,340.14,0.342,1
1685,D,209.67,0.088,0
1686,A,407.08,0.469,1
1687,A,425.63,0.498,1
1688,B,416.78,0.393,1
1689,A,280.3,0.398,1
1690,D,385.24,0.311,1
1691,D,246.04,0.448,0
1692,B,351.32,0.155,1
1693,D,100.37,0.049,0
1694,A,24.37,0.258,0
1695,A,10.64,0.211,0
1696,A,394.87,0.494,1
1697,A,218.69,0.467,0
1698,B,102.79,0.377,0
1699,A,261.27,0.253,0
1700,C,56.9,0.147,0
1701,B,61.96,0.015,0
1702,A,182.3,0.265,0
1703,C,60.71,0.472,0
1704,A,424.99,0.389,1
1705,D,133.22,0.044,0
1706,C,346.78,0.384,1
1707,D,208.13,0.185,0
1708,C,454.68,0.449,1
1709,C,378.12,0.242,1
1710,A,430.4,0.275,1
1711,B,227.74,0.063,0
1712,C,179.8,0.257,0
1713,C,118.56,0.128,0
1714,D,245.18,0.038,0
1715,B,86.08,0.336,0
1716,A,22.62,0.245,0
1717,C,99.64,0.038,0
1718,A,322.75,0.025,1
1719,C,121.07,0.374,0
1720,D,72.79,0.27,0
1721,C,457.39,0.483,1
1722,D,128.24,0.214,0
1723,A,301.71,0.356,1
1724,A,432.48,0.421,1
1725,A,425.65,0.186,1
1726,C,423.83,0.102,1
1727,D,287.4,0.498,1
1728,D,23.75,0.082,0
1729,D,118.2,0.054,0
1730,C,221.49,0.285,0
1731,C,269.45,0.251,0
1732,C,350.52,0.359,1
1733,C,174.32,0.222,0
1734,D,281.36,0.116,1
1735,C,67.21,0.181,0
1736,A,410.93,0.283,1
1737,C,194.65,0.194,0
1738,A,216.06,0.404,0
1739,C,397.0,0.082,1
1740,C,325.05,0.338,1
1741,B,129.68,0.006,0
1742,B,267.3,0.198,0
1743,B,177.7,0.355,0
1744,C,350.23,0.326,1
1745,C,487.28,0.339,1
1746,D,190.62,0.231,0
1747,A,248.29,0.207,0
1748,C,198.29,0.071,0
1749,B,436.26,0.474,1
1750,D,459.3,0.467,1
1751,C,295.85,0.041,1
1752,D,160.77,0.085,0
1753,B,79.66,0.253,0
1754,D,296.7,0.232,1
1755,A,391.54,0.245,1
1756,A,139.72,0.193,0
1757,D,73.77,0.497,0
1758,B,46.55,0.243,0
1759,D,304.41,0.211,1
1760,D,306.0,0.496,1
1761,C,450.45,0.309,1
1762,B,25.37,0.417,0
1763,B,64.93,0.381,0
1764,A,10.52,0.409,0
1765,B,96.95,0.084,0
1766,A,231.2,0.146,0
1767,A,30.89,0.198,0
1768,C,81.32,0.494,0
1769,A,56.34,0.443,0
1770,A,107.74,0.066,0
1771,D,433.09,0.007,1
1772,B,296.18,0.202,1
1773,B,24.53,0.052,0
1774,B,285.96,0.185,1
1775,C,128.61,0.342,0
1776,D,294.01,0.314,1
1777,D,319.44,0.228,1
1778,B,278.75,0.273,1
1779,C,360.09,0.084,1
1780,C,208.6,0.085,0
1781,A,342.88,0.288,1
1782,B,201.73,0.169,0
1783,A,323.83,0.163,1
1784,A,11.21,0.446,0
1785,A,110.6,0.457,0
1786,A,457.11,0.232,1
1787,B,280.73,0.322,1
1788,C,306.29,0.192,1
1789,A,315.15,0.197,1
1790,C,195.3,0.09,0
1791,B,355.56,0.445,1
1792,C,316.79,0.011,1
1793,B,369.23,0.36,1
1794,A,396.27,0.064,1
1795,D,247.13,0.281,0
1796,C,260.14,0.175,0
1797,C,117.15,0.078,0
1798,C,191.45,0.203,0
1799,B,340.73,0.268,1
1800,A,111.63,0.425,0
1801,C,389.57,0.118,1
1802,D,189.55,0.249,0
1803,A,464.79,0.029,1
1804,C,486.79,0.44,1
1805,D,137.7,0.347,0
1806,C,71.42,0.401,0
1807,D,413.34,0.224,1
1808,A,356.76,0.292,1
1809,B,309.52,0.088,1
1810,D,208.2,0.179,0
1811,D,25.27,0.41,0
1812,C,130.43,0.355,0
1813,C,229.81,0.012,0
1814,B,130.34,0.172,0
1815,B,342.28,0.043,1
1816,C,147.82,0.421,0
1817,D,119.91,0.123,0
1818,C,448.13,0.444,1
1819,D,287.52,0.286,1
1820,B,250.36,0.364,0
1821,A,130.47,0.342,0
1822,C,394.15,0.484,1
1823,A,196.33,0.038,0
1824,C,341.15,0.39,1
1825,D,48.44,0.164,0
1826,D,212.13,0.244,0
1827,A,421.67,0.032,1
1828,B,230.19,0.489,0
1829,D,442.09,0.016,1
1830,B,198.81,0.066,0
1831,A,79.95,0.437,0
1832,B,85.23,0.09,0
1833,A,296.96,0.321,1
1834,A,141.82,0.063,0
1835,A,133.39,0.296,0
1836,D,159.59,0.48,0
1837,A,87.92,0.014,0
1838,D,113.91,0.092,0
1839,A,294.88,0.344,1
1840,A,359.71,0.223,1
1841,C,308.83,0.167,1
1842,C,256.61,0.447,0
1843,C,346.61,0.147,1
1844,B,213.34,0.49,0
1845,A,30.33,0.224,0
1846,C,360.16,0.225,1
1847,B,35.76,0.036,0
1848,D,53.48,0.04,0
1849,B,331.26,0.411,1
1850,A,341.83,0.097,1
1851,B,469.35,0.121,1
1852,C,30.38,0.05,0
1853,C,196.85,0.362,0
1854,D,10.92,0.032,0
1855,C,359.9,0.463,1
1856,A,378.78,0.166,1
1857,C,99.93,0.409,0
1858,D,346.79,0.243,1
1859,D,253.56,0.38,0
1860,D,424.95,0.428,1
1861,B,217.42,0.491,0
1862,D,158.02,0.481,0
1863,D,287.72,0.24,1
1864,B,311.68,0.035,1
1865,B,473.6,0.305,1
1866,C,336.1,0.49,1
1867,A,269.26,0.17,0
1868,A,277.76,0.406,1
1869,B,424.35,0.102,1
1870,B,236.36,0.451,0
1871,C,491.44,0.259,1
1872,C,325.02,0.471,1
1873,A,437.85,0.295,1
1874,C,317.67,0.173,1
1875,B,13.48,0.304,0
1876,B,169.35,0.49,0
1877,A,228.14,0.029,0
1878,D,445.19,0.192,1
1879,D,416.77,0.436,1
1880,A,80.8,0.153,0
1881,D,472.67,0.3,1
1882,D,250.2,0.069,0
1883,C,312.79,0.277,1
1884,D,363.21,0.25,1
1885,B,106.62,0.065,0
1886,A,29.88,0.401,0
1887,D,175.38,0.292,0
1888,B,224.35,0.411,0
1889,D,89.14,0.215,0
1890,A,155.98,0.268,0
1891,D,418.36,0.1,1
1892,C,410.41,0.083,1
1893,D,217.78,0.055,0
1894,B,118.89,0.219,0
1895,C,347.74,0.485,1
1896,A,155.19,0.358,0
1897,B,429.97,0.33,1
1898,B,372.54,0.223,1
1899,B,231.63,0.446,0
1900,C,387.18,0.304,1
1901,C,228.89,0.416,0
1902,D,129.62,0.067,0
1903,C,37.48,0.482,0
1904,A,249.28,0.461,0
1905,A,71.47,0.332,0
1906,B,54.77,0.314,0
1907,B,307.72,0.274,1
1908,B,174.51,0.062,0
1909,C,169.51,0.199,0
1910,A,219.03,0.079,0
1911,D,303.99,0.17,1
1912,C,466.32,0.324,1
1913,D,172.43,0.199,0
1914,C,286.68,0.288,1
1915,D,195.53,0.076,0
1916,B,43.95,0.312,0
1917,C,309.6,0.055,1
1918,B,179.77,0.2,0
1919,C,436.32,0.055,1
1920,A,80.94,0.489,0
1921,C,233.7,0.163,0
1922,A,159.73,0.067,0
1923,D,308.1,0.196,1
1924,C,388.93,0.087,1
1925,D,219.8,0.004,0
1926,C,312.43,0.296,1
1927,C,284.09,0.393,1
1928,D,293.03,0.396,1
1929,C,190.65,0.074,0
1930,C,48.49,0.389,0
1931,D,264.96,0.341,0
1932,D,174.96,0.402,0
1933,D,120.2,0.445,0
1934,C,99.83,0.152,0
1935,B,137.82,0.043,0
1936,D,46.99,0.343,0
1937,D,131.65,0.089,0
1938,B,46.53,0.298,0
1939,A,210.61,0.08,0
1940,C,254.47,0.416,0
1941,A,159.08,0.102,0
1942,D,497.08,0.111,1
1943,D,42.35,0.334,0
1944,A,227.92,0.306,0
1945,D,347.83,0.096,1
1946,C,425.16,0.444,1
1947,A,489.58,0.398,1
1948,D,414.67,0.356,1
1949,B,142.86,0.324,0
1950,D,151.5,0.149,0
1951,B,240.22,0.47,0
1952,B,327.35,0.462,1
1953,A,487.07,0.266,1
1954,B,444.34,0.036,1
1955,C,226.53,0.467,0
1956,A,143.29,0.228,0
1957,A,452.92,0.365,1
1958,D,11.21,0.132,0
1959,C,371.18,0.201,1
1960,B,77.38,0.468,0
1961,A,163.22,0.314,0
1962,C,327.1,0.084,1
1963,A,21.41,0.2,0
1964,A,221.49,0.191,0
1965,A,494.24,0.119,1
1966,B,243.4,0.305,0
1967,A,126.1,0.338,0
1968,C,486.02,0.2,1
1969,B,306.96,0.238,1
1970,C,496.84,0.352,1
1971,C,278.13,0.464,1
1972,C,461.74,0.49,1
1973,C,359.03,0.26,1
1974,D,245.54,0.294,0
1975,D,485.75,0.057,1
1976,B,186.61,0.163,0
1977,A,195.24,0.412,0
1978,B,252.3,0.419,0
1979,B,280.7,0.146,1
1980,D,380.14,0.148,1
1981,C,452.07,0.159,1
1982,B,470.47,0.223,1
1983,D,250.62,0.112,0
1984,A,362.87,0.009,1
1985,A,497.58,0.237,1
1986,A,251.07,0.363,0
1987,B,410.29,0.298,1
1988,C,74.81,0.375,0
1989,D,177.31,0.066,0
1990,A,189.07,0.1,0
1991,D,449.37,0.105,1
1992,D,436.2,0.385,1
1993,C,250.13,0.407,0
1994,D,331.97,0.23,1
1995,D,204.19,0.034,0
1996,B,64.97,0.145,0
1997,A,216.11,0.419,0
1998,C,294.35,0.173,1
1999,A,419.08,0.245,1
2000,C,135.59,0.265,0
